{
    "root_group": {
        "name": "",
        "path": "",
        "id": "d41d8cd98f00b204e9800998ecf8427e",
        "groups": {},
        "checks": {
                "status < 400": {
                    "name": "status < 400",
                    "path": "::status < 400",
                    "id": "ace37d7001cc252ee82a139b4018b5df",
                    "passes": 53,
                    "fails": 0
                }
            }
    },
    "metrics": {
        "vus_max": {
            "value": 5,
            "min": 5,
            "max": 5
        },
        "data_received": {
            "count": 468273,
            "rate": 21622.623250171553
        },
        "http_req_duration{expected_response:true}": {
            "avg": 1541.2640943396227,
            "min": 303.002,
            "med": 1595.97,
            "max": 2791.238,
            "p(90)": 2199.0254,
            "p(95)": 2345.0053999999996
        },
        "http_req_sending": {
            "avg": 0.0926981132075471,
            "min": 0.01,
            "med": 0.028,
            "max": 0.555,
            "p(90)": 0.4330000000000004,
            "p(95)": 0.5249999999999999
        },
        "vus": {
            "value": 5,
            "min": 5,
            "max": 5
        },
        "http_req_duration": {
            "max": 2791.238,
            "p(90)": 2199.0254,
            "p(95)": 2345.0053999999996,
            "avg": 1541.2640943396227,
            "min": 303.002,
            "med": 1595.97
        },
        "http_req_connecting": {
            "avg": 0.03264150943396226,
            "min": 0,
            "med": 0,
            "max": 0.372,
            "p(90)": 0,
            "p(95)": 0.33719999999999994
        },
        "checks": {
            "fails": 0,
            "passes": 53,
            "value": 1
        },
        "data_sent": {
            "count": 9634,
            "rate": 444.8523668717879
        },
        "http_req_receiving": {
            "med": 0.116,
            "max": 194.304,
            "p(90)": 1.0466000000000002,
            "p(95)": 2.2275999999999954,
            "avg": 5.757301886792451,
            "min": 0.02
        },
        "http_req_blocked": {
            "max": 1.254,
            "p(90)": 0.958400000000001,
            "p(95)": 1.1566,
            "avg": 0.14745283018867916,
            "min": 0.003,
            "med": 0.007
        },
        "http_req_tls_handshaking": {
            "med": 0,
            "max": 0,
            "p(90)": 0,
            "p(95)": 0,
            "avg": 0,
            "min": 0
        },
        "http_reqs": {
            "count": 53,
            "rate": 2.44728829605613
        },
        "iterations": {
            "count": 53,
            "rate": 2.44728829605613
        },
        "http_req_waiting": {
            "p(90)": 2198.9228,
            "p(95)": 2344.5573999999997,
            "avg": 1535.4140943396233,
            "min": 302.87,
            "med": 1595.178,
            "max": 2790.974
        },
        "http_req_failed": {
            "passes": 0,
            "fails": 53,
            "value": 0
        },
        "iteration_duration": {
            "max": 3291.989042,
            "p(90)": 2699.4466749999997,
            "p(95)": 2846.0571167999997,
            "avg": 2042.5149134716983,
            "min": 804.14375,
            "med": 2096.369125
        }
    }
}