{
    "root_group": {
        "name": "",
        "path": "",
        "id": "d41d8cd98f00b204e9800998ecf8427e",
        "groups": {},
        "checks": {
                "status < 400": {
                    "passes": 1080,
                    "fails": 0,
                    "name": "status < 400",
                    "path": "::status < 400",
                    "id": "ace37d7001cc252ee82a139b4018b5df"
                }
            }
    },
    "metrics": {
        "data_sent": {
            "count": 196459,
            "rate": 6512.065480832268
        },
        "http_req_duration{expected_response:true}": {
            "p(90)": 83.90740000000001,
            "p(95)": 102.07249999999998,
            "avg": 57.4555574074074,
            "min": 24.797,
            "med": 53.075,
            "max": 154.685
        },
        "http_reqs": {
            "count": 1080,
            "rate": 35.7989744389356
        },
        "vus_max": {
            "value": 20,
            "min": 20,
            "max": 20
        },
        "data_received": {
            "count": 9148592,
            "rate": 303250.19551875064
        },
        "http_req_duration": {
            "avg": 57.4555574074074,
            "min": 24.797,
            "med": 53.075,
            "max": 154.685,
            "p(90)": 83.90740000000001,
            "p(95)": 102.07249999999998
        },
        "http_req_receiving": {
            "med": 0.079,
            "max": 8.485,
            "p(90)": 0.27720000000000006,
            "p(95)": 0.575049999999999,
            "avg": 0.18784166666666652,
            "min": 0.011
        },
        "http_req_failed": {
            "passes": 0,
            "fails": 1080,
            "value": 0
        },
        "checks": {
            "passes": 1080,
            "fails": 0,
            "value": 1
        },
        "vus": {
            "max": 20,
            "value": 20,
            "min": 20
        },
        "http_req_connecting": {
            "avg": 0.007963888888888888,
            "min": 0,
            "med": 0,
            "max": 0.61,
            "p(90)": 0,
            "p(95)": 0
        },
        "http_req_waiting": {
            "avg": 57.2419814814815,
            "min": 24.726,
            "med": 52.8795,
            "max": 154.61,
            "p(90)": 83.7534,
            "p(95)": 102.00984999999999
        },
        "http_req_blocked": {
            "p(90)": 0.009,
            "p(95)": 0.011,
            "avg": 0.023977777777778035,
            "min": 0.001,
            "med": 0.006,
            "max": 1.735
        },
        "http_req_sending": {
            "max": 0.557,
            "p(90)": 0.032100000000000024,
            "p(95)": 0.04304999999999995,
            "avg": 0.025734259259259186,
            "min": 0.003,
            "med": 0.021
        },
        "iterations": {
            "rate": 35.7989744389356,
            "count": 1080
        },
        "http_req_tls_handshaking": {
            "p(90)": 0,
            "p(95)": 0,
            "avg": 0,
            "min": 0,
            "med": 0,
            "max": 0
        },
        "iteration_duration": {
            "avg": 558.1076697527775,
            "min": 525.080875,
            "med": 553.915917,
            "max": 655.425333,
            "p(90)": 584.2479664,
            "p(95)": 602.52335175
        }
    }
}