{
    "root_group": {
        "groups": {},
        "checks": {
                "status < 400": {
                    "passes": 37,
                    "fails": 0,
                    "name": "status < 400",
                    "path": "::status < 400",
                    "id": "ace37d7001cc252ee82a139b4018b5df"
                }
            },
        "name": "",
        "path": "",
        "id": "d41d8cd98f00b204e9800998ecf8427e"
    },
    "metrics": {
        "iteration_duration": {
            "min": 529.908792,
            "med": 553.598666,
            "max": 576.181708,
            "p(90)": 564.1251248,
            "p(95)": 565.4343911999999,
            "avg": 552.233981945946
        },
        "http_req_tls_handshaking": {
            "p(95)": 0,
            "avg": 0,
            "min": 0,
            "med": 0,
            "max": 0,
            "p(90)": 0
        },
        "vus_max": {
            "value": 1,
            "min": 1,
            "max": 1
        },
        "http_req_blocked": {
            "avg": 0.031405405405405394,
            "min": 0.003,
            "med": 0.008,
            "max": 0.716,
            "p(90)": 0.023400000000000008,
            "p(95)": 0.04799999999999994
        },
        "http_req_waiting": {
            "avg": 50.65772972972972,
            "min": 29.454,
            "med": 51.792,
            "max": 74.532,
            "p(90)": 63.2016,
            "p(95)": 63.75
        },
        "checks": {
            "passes": 37,
            "fails": 0,
            "value": 1
        },
        "iterations": {
            "count": 37,
            "rate": 1.8105536487109004
        },
        "http_reqs": {
            "count": 37,
            "rate": 1.8105536487109004
        },
        "vus": {
            "min": 1,
            "max": 1,
            "value": 1
        },
        "data_received": {
            "count": 315675,
            "rate": 15447.203325859824
        },
        "http_req_duration": {
            "max": 74.631,
            "p(90)": 63.3476,
            "p(95)": 64.083,
            "avg": 50.89202702702703,
            "min": 29.599,
            "med": 52.195
        },
        "http_req_failed": {
            "passes": 0,
            "fails": 37,
            "value": 0
        },
        "http_req_connecting": {
            "p(90)": 0,
            "p(95)": 0,
            "avg": 0.007621621621621621,
            "min": 0,
            "med": 0,
            "max": 0.282
        },
        "data_sent": {
            "count": 6716,
            "rate": 328.6399541822272
        },
        "http_req_sending": {
            "med": 0.03,
            "max": 0.18,
            "p(90)": 0.0432,
            "p(95)": 0.05439999999999994,
            "avg": 0.03621621621621622,
            "min": 0.014
        },
        "http_req_duration{expected_response:true}": {
            "max": 74.631,
            "p(90)": 63.3476,
            "p(95)": 64.083,
            "avg": 50.89202702702703,
            "min": 29.599,
            "med": 52.195
        },
        "http_req_receiving": {
            "avg": 0.19808108108108113,
            "min": 0.051,
            "med": 0.13,
            "max": 1.264,
            "p(90)": 0.39780000000000004,
            "p(95)": 0.45799999999999963
        }
    }
}