{
    "metrics": {
        "http_req_connecting": {
            "min": 0,
            "med": 0,
            "max": 0.871,
            "p(90)": 0,
            "p(95)": 0,
            "avg": 0.00560914139256728
        },
        "data_received": {
            "count": 20203445,
            "rate": 575719.8719315801
        },
        "http_req_duration": {
            "avg": 41.876505766766265,
            "min": 22.314,
            "med": 34.672,
            "max": 238.095,
            "p(90)": 62.903,
            "p(95)": 80.006
        },
        "http_reqs": {
            "count": 2341,
            "rate": 66.70942605044976
        },
        "vus_max": {
            "max": 50,
            "value": 50,
            "min": 50
        },
        "iteration_duration": {
            "avg": 542.5209334032462,
            "min": 522.717208,
            "med": 535.449,
            "max": 738.230458,
            "p(90)": 563.224833,
            "p(95)": 580.712625
        },
        "iterations": {
            "count": 2341,
            "rate": 66.70942605044976
        },
        "vus": {
            "value": 3,
            "min": 3,
            "max": 50
        },
        "http_req_sending": {
            "avg": 0.02044297308842391,
            "min": 0.003,
            "med": 0.019,
            "max": 0.964,
            "p(90)": 0.028,
            "p(95)": 0.035
        },
        "http_req_duration{expected_response:true}": {
            "max": 238.095,
            "p(90)": 62.903,
            "p(95)": 80.006,
            "avg": 41.876505766766265,
            "min": 22.314,
            "med": 34.672
        },
        "http_req_blocked": {
            "avg": 0.014479709525843853,
            "min": 0.001,
            "med": 0.005,
            "max": 4.139,
            "p(90)": 0.008,
            "p(95)": 0.01
        },
        "http_req_receiving": {
            "avg": 0.1259090132422044,
            "min": 0.009,
            "med": 0.076,
            "max": 25.188,
            "p(90)": 0.179,
            "p(95)": 0.312
        },
        "checks": {
            "passes": 2341,
            "fails": 0,
            "value": 1
        },
        "http_req_tls_handshaking": {
            "max": 0,
            "p(90)": 0,
            "p(95)": 0,
            "avg": 0,
            "min": 0,
            "med": 0
        },
        "http_req_waiting": {
            "min": 22.282,
            "med": 34.511,
            "max": 238.056,
            "p(90)": 62.784,
            "p(95)": 79.815,
            "avg": 41.73015378043576
        },
        "http_req_failed": {
            "passes": 0,
            "fails": 2341,
            "value": 0
        },
        "data_sent": {
            "count": 425105,
            "rate": 12113.844750609333
        }
    },
    "root_group": {
        "name": "",
        "path": "",
        "id": "d41d8cd98f00b204e9800998ecf8427e",
        "groups": {},
        "checks": {
                "status < 400": {
                    "id": "ace37d7001cc252ee82a139b4018b5df",
                    "passes": 2341,
                    "fails": 0,
                    "name": "status < 400",
                    "path": "::status < 400"
                }
            }
    }
}